"date","location","administered","admin_per_100k","series_complete_pop_pct","additional_doses_vax_pct","second_booster","administered_bivalent"
2022-11-09,"FL","40849838","190196","68.9","43.2",NA,NA
2022-11-09,"GU","384427","228161","84.9","52.7",NA,NA
2022-11-09,"NV","5394701","175144","62.9","42",NA,NA
2022-11-09,"MH","92665","119197","44.1","43.3",NA,NA
2022-11-09,"AR","4700819","155770","56.3","43.5",NA,NA
2022-11-09,"DD2","9139222","0","0","26.7",NA,NA
2022-11-09,"IA","5830416","184795","63.8","56.3",NA,NA
2022-11-09,"FM","183213","179059","67.5","50",NA,NA
2022-11-09,"OK","6526929","164948","59.8","40.8",NA,NA
2022-11-09,"MP","114560","220941","84.4","52.5",NA,NA
2022-11-09,"TN","10981960","160809","56","47.3",NA,NA
2022-11-09,"KY","7243955","162142","59.1","47.6",NA,NA
2022-11-09,"ID","2760271","154458","56","47.3",NA,NA
2022-11-09,"MO","10057066","163865","58.3","46.3",NA,NA
2022-11-09,"WI","11802489","202707","67.6","59.6",NA,NA
2022-11-09,"AK","1276350","174473","64.7","48.3",NA,NA
2022-11-09,"NY","43379864","222992","79.8","48.2",NA,NA
2022-11-09,"NH","2740318","201537","70.5","52.2",NA,NA
2022-11-09,"VA","18482719","216539","75.7","52",NA,NA
2022-11-09,"MN","12080734","214211","71.4","61.8",NA,NA
2022-11-09,"ND","1251627","164242","57.9","47.4",NA,NA
2022-11-09,"BP2","337135","0","0","37.6",NA,NA
2022-11-09,"NC","18764942","178917","65.8","30.8",NA,NA
2022-11-09,"AL","6735771","137375","52.6","38.6",NA,NA
2022-11-09,"US","646524294","194731","68.6","49.7","37106370","31518618"
2022-11-09,"MS","4188855","140747","53.4","40.5",NA,NA
2022-11-09,"AZ","13913486","191153","65.4","48.8",NA,NA
2022-11-09,"VI","152264","143253","54.9","31.5",NA,NA
2022-11-09,"MA","17107934","248211","82.9","55.1",NA,NA
2022-11-09,"NJ","19065392","214647","78.3","51",NA,NA
2022-11-09,"RI","2533876","239189","86.7","57.2",NA,NA
2022-11-09,"MD","13987590","231365","78.8","55.6",NA,NA
2022-11-09,"NM","4504335","214817","74.2","53.6",NA,NA
2022-11-09,"CA","84115688","212885","74.4","56.2",NA,NA
2022-11-09,"NE","3626165","187456","65.6","54.4",NA,NA
2022-11-09,"PR","7865345","246277","86.4","63.1",NA,NA
2022-11-09,"VA2","8256184","0","0","42.3",NA,NA
2022-11-09,"CT","8645971","242504","82.2","54.6",NA,NA
2022-11-09,"HI","3365512","237699","80.8","58.5",NA,NA
2022-11-09,"UT","5851209","182510","66.1","48.5",NA,NA
2022-11-09,"MI","17927097","179507","61.9","57.6",NA,NA
2022-11-09,"MT","1779634","166511","58.6","51.1",NA,NA
2022-11-09,"DC","1858618","263354","83.6","47.2",NA,NA
2022-11-09,"IH2","2457758","118002","43.5","35.8",NA,NA
2022-11-09,"KS","5133393","176205","64.5","47.8",NA,NA
2022-11-09,"DE","2022351","207684","72","49.5",NA,NA
2022-11-09,"OH","20146221","172350","60","55.6",NA,NA
2022-11-09,"PA","26140751","204193","72.1","46.2",NA,NA
2022-11-09,"ME","3332561","247919","82.4","59.7",NA,NA
2022-11-09,"AS","114637","241891","89.5","58",NA,NA
2022-11-09,"OR","8836134","209499","71.6","57.4",NA,NA
2022-11-09,"CO","12383787","215043","72.8","56.5",NA,NA
2022-11-09,"WA","16737289","219797","75.2","57",NA,NA
2022-11-09,"LA","6762566","145469","54.8","42.5",NA,NA
2022-11-09,"SC","8344404","162068","59.3","43.8",NA,NA
2022-11-09,"WV","3010696","167994","59.3","48.9",NA,NA
2022-11-09,"WY","826291","142769","52.6","46.4",NA,NA
2022-11-09,"VT","1655087","265243","84.4","65.1",NA,NA
2022-11-09,"IL","25637743","202321","70.7","55.9",NA,NA
2022-11-09,"IN","10691441","158810","57.3","49.7",NA,NA
2022-11-09,"GA","16440150","154841","56.7","42.6",NA,NA
2022-11-09,"PW","50588","234943","85.6","66.7",NA,NA
2022-11-09,"SD","1611625","182175","65.3","45.6",NA,NA
2022-11-09,"TX","50488822","174124","62.7","39",NA,NA
2022-11-02,"UT","5850618","182492","66.1","48.5",NA,NA
2022-11-02,"IN","10642928","158089","57.2","49.5",NA,NA
2022-11-02,"GU","383157","227408","84.8","52.5",NA,NA
2022-11-02,"TN","10929800","160046","55.9","47.2",NA,NA
2022-11-02,"ID","2742473","153462","55.9","47.1",NA,NA
2022-11-02,"WY","821837","142000","52.6","46.3",NA,NA
2022-11-02,"LA","6738130","144944","54.7","42.4",NA,NA
2022-11-02,"KS","5102150","175132","64.4","47.7",NA,NA
2022-11-02,"MA","16957023","246021","82.7","54.9",NA,NA
2022-11-02,"IH2","2445006","117390","43.4","35.6",NA,NA
2022-11-02,"US","640913400","193041","68.5","49.5","34763373","26378963"
2022-11-02,"CA","82951492","209939","74.3","55.9",NA,NA
2022-11-02,"SD","1599049","180753","65.1","45.4",NA,NA
2022-11-02,"MS","4165211","139953","53.3","40.4",NA,NA
2022-11-02,"OH","19990762","171021","59.9","55.5",NA,NA
2022-11-02,"CO","12276842","213186","72.7","56.3",NA,NA
2022-11-02,"WI","11703161","201001","67.5","59.4",NA,NA
2022-11-02,"IL","25489693","201153","70.6","55.8",NA,NA
2022-11-02,"AS","114585","241781","89.5","58",NA,NA
2022-11-02,"PA","25921805","202483","71.9","46",NA,NA
2022-11-02,"PR","7837333","245400","86.3","62.9",NA,NA
2022-11-02,"OK","6491315","164048","59.7","40.6",NA,NA
2022-11-02,"BP2","335600","0","0","37.5",NA,NA
2022-11-02,"VT","1639176","262693","84.3","64.8",NA,NA
2022-11-02,"MT","1778506","166406","58.6","51",NA,NA
2022-11-02,"SC","8292901","161067","59.2","43.6",NA,NA
2022-11-02,"DE","2022080","207656","71.9","49.5",NA,NA
2022-11-02,"HI","3346693","236370","80.7","58.3",NA,NA
2022-11-02,"AR","4671930","154812","56.2","43.3",NA,NA
2022-11-02,"NE","3569949","184550","65.4","54.1",NA,NA
2022-11-02,"NH","2739839","201502","70.4","52.2",NA,NA
2022-11-02,"FL","40685933","189433","68.8","43.1",NA,NA
2022-11-02,"NY","43144062","221780","79.7","48",NA,NA
2022-11-02,"VA2","8194707","0","0","42.1",NA,NA
2022-11-02,"MI","17815347","178388","61.8","57.5",NA,NA
2022-11-02,"WV","2992160","166960","59.2","48.7",NA,NA
2022-11-02,"AZ","13840320","190148","65.3","48.6",NA,NA
2022-11-02,"KY","7197019","161091","59.1","47.4",NA,NA
2022-11-02,"RI","2514418","237352","86.5","57",NA,NA
2022-11-02,"AK","1269692","173563","64.6","48.2",NA,NA
2022-11-02,"MD","13874153","229489","78.6","55.4",NA,NA
2022-11-02,"ME","3298788","245407","82.3","59.5",NA,NA
2022-11-02,"MH","92665","119197","44.1","43.3",NA,NA
2022-11-02,"TX","49150973","169510","62.5","37.7",NA,NA
2022-11-02,"PW","50551","234772","85.6","66.6",NA,NA
2022-11-02,"ND","1240723","162811","57.8","47.1",NA,NA
2022-11-02,"MN","11968543","212222","71.3","61.6",NA,NA
2022-11-02,"NC","18656089","177879","65.6","30.6",NA,NA
2022-11-02,"DD2","9111160","0","0","26.6",NA,NA
2022-11-02,"MO","9988970","162755","58.2","46.1",NA,NA
2022-11-02,"IA","5791046","183547","63.7","56.2",NA,NA
2022-11-02,"WA","16587923","217835","75.1","56.7",NA,NA
2022-11-02,"DC","1838874","260556","83.2","46.9",NA,NA
2022-11-02,"GA","16354879","154038","56.6","42.4",NA,NA
2022-11-02,"CT","8575412","240525","82.1","54.5",NA,NA
2022-11-02,"NV","5367331","174255","62.8","41.9",NA,NA
2022-11-02,"AL","6717542","137004","52.6","38.5",NA,NA
2022-11-02,"NJ","18971515","213591","78.2","50.8",NA,NA
2022-11-02,"MP","114391","220615","84.3","52.4",NA,NA
2022-11-02,"OR","8769770","207926","71.5","57.2",NA,NA
2022-11-02,"VI","151974","142981","54.9","31.5",NA,NA
2022-11-02,"FM","183213","179059","67.5","50",NA,NA
2022-11-02,"NM","4469342","213148","74.1","53.4",NA,NA
2022-11-02,"VA","18446934","216120","75.7","52",NA,NA
2022-10-26,"MA","16811175","243905","82.5","54.7",NA,NA
2022-10-26,"TX","49144469","169488","62.5","37.7",NA,NA
2022-10-26,"CT","8510800","238713","81.9","54.3",NA,NA
2022-10-26,"SD","1596076","180417","65","45.4",NA,NA
2022-10-26,"UT","5777923","180225","65.9","48.1",NA,NA
2022-10-26,"PR","7798061","244171","86.1","62.7",NA,NA
2022-10-26,"NH","2739221","201456","70.4","52.2",NA,NA
2022-10-26,"SC","8242168","160082","59.1","43.5",NA,NA
2022-10-26,"VT","1626680","260690","84.2","64.6",NA,NA
2022-10-26,"KS","5057447","173598","64.3","47.5",NA,NA
2022-10-26,"IN","10588162","157276","57.2","49.4",NA,NA
2022-10-26,"MI","17666431","176897","61.7","57.3",NA,NA
2022-10-26,"VA2","8121315","0","0","41.8",NA,NA
2022-10-26,"PA","25709145","200821","71.7","45.8",NA,NA
2022-10-26,"WV","2976189","166068","59.2","48.6",NA,NA
2022-10-26,"WI","11583812","198951","67.4","59.3",NA,NA
2022-10-26,"NC","18519478","176576","65.3","30.4",NA,NA
2022-10-26,"DE","2006652","206072","71.8","49.3",NA,NA
2022-10-26,"MP","114391","220615","84.3","52.4",NA,NA
2022-10-26,"IH2","2430363","116687","43.3","35.3",NA,NA
2022-10-26,"AZ","13553789","186211","63.9","46.2",NA,NA
2022-10-26,"RI","2492251","235260","86.3","56.9",NA,NA
2022-10-26,"WA","16407406","215465","74.9","56.5",NA,NA
2022-10-26,"AK","1262205","172540","64.5","48",NA,NA
2022-10-26,"IL","25262528","199360","70.4","55.6",NA,NA
2022-10-26,"CA","82942108","209915","74.2","55.9",NA,NA
2022-10-26,"GU","381525","226439","84.7","52.3",NA,NA
2022-10-26,"TN","10861552","159046","55.8","47",NA,NA
2022-10-26,"MH","92665","119197","44.1","43.3",NA,NA
2022-10-26,"MN","11838868","209923","71.2","61.3",NA,NA
2022-10-26,"NY","42870606","220374","79.6","47.9",NA,NA
2022-10-26,"VA","18323033","214668","75.6","51.9",NA,NA
2022-10-26,"DC","1815498","257244","82.6","46.5",NA,NA
2022-10-26,"OK","6448042","162954","59.5","40.4",NA,NA
2022-10-26,"ND","1228866","161255","57.6","46.8",NA,NA
2022-10-26,"MS","4144932","139272","53.3","40.3",NA,NA
2022-10-26,"FL","40475812","188455","68.7","43",NA,NA
2022-10-26,"ME","3272422","243445","82.2","59.4",NA,NA
2022-10-26,"MO","9907845","161433","58.1","45.8",NA,NA
2022-10-26,"GA","16253328","153082","56.5","42.1",NA,NA
2022-10-26,"MD","13758048","227568","78.4","55.3",NA,NA
2022-10-26,"OR","8671858","205605","71.3","57",NA,NA
2022-10-26,"OH","19827305","169622","59.8","55.3",NA,NA
2022-10-26,"MT","1763702","165020","58.4","50.8",NA,NA
2022-10-26,"NJ","18851613","212241","78.1","50.7",NA,NA
2022-10-26,"AR","4641392","153800","56.2","43.1",NA,NA
2022-10-26,"LA","6707088","144276","54.7","42.3",NA,NA
2022-10-26,"FM","180863","176762","67","49.6",NA,NA
2022-10-26,"NV","5315414","172570","62.7","41.6",NA,NA
2022-10-26,"KY","7144109","159907","59","47.2",NA,NA
2022-10-26,"PW","50551","234772","85.6","66.6",NA,NA
2022-10-26,"HI","3325376","234864","80.6","58.2",NA,NA
2022-10-26,"CO","12152626","211029","72.5","56.1",NA,NA
2022-10-26,"BP2","335497","0","0","37.5",NA,NA
2022-10-26,"DD2","9079453","0","0","26.5",NA,NA
2022-10-26,"AL","6693189","136507","52.5","38.4",NA,NA
2022-10-26,"ID","2717932","152089","55.8","46.9",NA,NA
2022-10-26,"AS","114541","241688","89.5","57.9",NA,NA
2022-10-26,"IA","5726180","181491","63.6","56",NA,NA
2022-10-26,"NE","3529237","182445","65.3","53.9",NA,NA
2022-10-26,"NM","4420792","210832","73.8","53.2",NA,NA
2022-10-26,"WY","813579","140573","52.4","46.1",NA,NA
2022-10-26,"US","636871557","191824","68.4","49.3","33060955","22880703"
2022-10-26,"VI","151658","142683","54.8","31.5",NA,NA
2022-10-19,"MO","9823179","160054","58","45.6",NA,NA
2022-10-19,"WV","2958334","165072","59.1","48.4",NA,NA
2022-10-19,"WY","807478","139519","52.3","45.9",NA,NA
2022-10-19,"MN","11699340","207449","71","61.1",NA,NA
2022-10-19,"NV","5300327","172080","62.6","41.6",NA,NA
2022-10-19,"OK","6402950","161814","59.4","40.2",NA,NA
2022-10-19,"NH","2650292","194916","69.7","50.3",NA,NA
2022-10-19,"NE","3527696","182366","65.3","53.9",NA,NA
2022-10-19,"UT","5759719","179657","65.9","48.1",NA,NA
2022-10-19,"FM","180863","176762","67","49.6",NA,NA
2022-10-19,"HI","3301466","233175","80.5","58.1",NA,NA
2022-10-19,"ME","3235335","240686","82.1","59.2",NA,NA
2022-10-19,"CT","8440520","236742","81.8","54.2",NA,NA
2022-10-19,"CO","12026290","208836","72.4","55.9",NA,NA
2022-10-19,"VA2","8045523","0","0","41.6",NA,NA
2022-10-19,"PA","25499489","199184","71.5","45.6",NA,NA
2022-10-19,"BP2","334755","0","0","37.5",NA,NA
2022-10-19,"AK","1253333","171327","64.4","47.8",NA,NA
2022-10-19,"TX","49010845","169027","62.4","37.7",NA,NA
2022-10-19,"AL","6671583","136066","52.5","38.3",NA,NA
2022-10-19,"NM","4379267","208852","73.7","53",NA,NA
2022-10-19,"CA","82931586","209888","74.2","55.9",NA,NA
2022-10-19,"SC","8189510","159059","59","43.3",NA,NA
2022-10-19,"DC","1792956","254050","82.1","46.2",NA,NA
2022-10-19,"MT","1747555","163510","58.4","50.6",NA,NA
2022-10-19,"NC","18355342","175011","65","30.1",NA,NA
2022-10-19,"MD","13639039","225600","78.3","55.1",NA,NA
2022-10-19,"NJ","18745254","211043","77.9","50.6",NA,NA
2022-10-19,"IH2","2416844","116037","43.2","35.1",NA,NA
2022-10-19,"IA","5669208","179686","63.5","55.8",NA,NA
2022-10-19,"IL","25040595","197608","70.3","55.4",NA,NA
2022-10-19,"MH","92665","119197","44.1","43.3",NA,NA
2022-10-19,"LA","6675969","143606","54.6","42.2",NA,NA
2022-10-19,"KY","7078732","158443","58.9","47",NA,NA
2022-10-19,"GU","380137","225615","84.7","52.1",NA,NA
2022-10-19,"WA","16242514","213299","74.8","56.4",NA,NA
2022-10-19,"MI","17512795","175358","61.6","57.1",NA,NA
2022-10-19,"VI","151342","142386","54.7","31.6",NA,NA
2022-10-19,"WI","11463318","196882","67.3","59.1",NA,NA
2022-10-19,"TN","10808573","158271","55.8","46.9",NA,NA
2022-10-19,"VA","18195660","213176","75.4","51.7",NA,NA
2022-10-19,"OR","8670655","205576","71.3","57",NA,NA
2022-10-19,"VT","1607688","257647","83.9","64.4",NA,NA
2022-10-19,"PW","50109","232719","85.4","66.3",NA,NA
2022-10-19,"SD","1565885","177004","64.6","44.9",NA,NA
2022-10-19,"NY","42575677","218858","79.4","47.8",NA,NA
2022-10-19,"US","632905664","190629","68.2","49.1","31529620","19350108"
2022-10-19,"PR","7759671","242969","85.9","62.5",NA,NA
2022-10-19,"AS","114484","241568","89.5","57.9",NA,NA
2022-10-19,"MA","16623462","241182","82.2","54.5",NA,NA
2022-10-19,"MS","4128027","138704","53.3","40.2",NA,NA
2022-10-19,"DD2","9048865","0","0","26.3",NA,NA
2022-10-19,"KS","5013773","172099","64.1","47.2",NA,NA
2022-10-19,"AR","4610829","152788","56.1","42.9",NA,NA
2022-10-19,"RI","2469730","233134","86.1","56.7",NA,NA
2022-10-19,"AZ","13468387","185038","63.8","46",NA,NA
2022-10-19,"OH","19660518","168195","59.7","55.2",NA,NA
2022-10-19,"FL","40221534","187271","68.6","42.9",NA,NA
2022-10-19,"ID","2689697","150509","55.7","46.7",NA,NA
2022-10-19,"MP","113992","219845","84.3","52.2",NA,NA
2022-10-19,"IN","10554286","156773","57.2","49.3",NA,NA
2022-10-19,"GA","16145091","152062","56.4","41.9",NA,NA
2022-10-19,"ND","1213901","159292","57.4","46.5",NA,NA
2022-10-19,"DE","2006096","206015","71.8","49.3",NA,NA
2022-10-12,"PW","49838","231460","85.4","66",NA,NA
2022-10-12,"DD2","9030623","0","0","26.2",NA,NA
2022-10-12,"IH2","2403601","115402","43.1","35",NA,NA
2022-10-12,"PR","7723269","241829","85.7","62.3",NA,NA
2022-10-12,"UT","5658405","176497","65.8","47.7",NA,NA
2022-10-12,"FM","180863","176762","67","49.6",NA,NA
2022-10-12,"IN","10484321","155734","57.1","49.1",NA,NA
2022-10-12,"DE","2005782","205982","71.7","49.3",NA,NA
2022-10-12,"US","627854963","189108","68.1","49","29562884","14777764"
2022-10-12,"ID","2669864","149399","55.6","46.5",NA,NA
2022-10-12,"WV","2939144","164001","59","48.3",NA,NA
2022-10-12,"MA","16484143","239160","82","54.3",NA,NA
2022-10-12,"FL","40077981","186602","68.6","42.8",NA,NA
2022-10-12,"MS","4111818","138159","53.2","40.1",NA,NA
2022-10-12,"OH","19511642","166922","59.7","55",NA,NA
2022-10-12,"KY","7036983","157509","58.8","46.9",NA,NA
2022-10-12,"WI","11344055","194834","67.2","59",NA,NA
2022-10-12,"AR","4579370","151745","56","42.7",NA,NA
2022-10-12,"NY","42314165","217514","79.3","47.7",NA,NA
2022-10-12,"SC","8137756","158054","58.9","43.2",NA,NA
2022-10-12,"NJ","18625366","209693","77.8","50.5",NA,NA
2022-10-12,"IA","5607726","177737","63.4","55.6",NA,NA
2022-10-12,"AK","1244818","170163","64.4","47.7",NA,NA
2022-10-12,"VT","1587925","254480","83.7","64.2",NA,NA
2022-10-12,"WA","16070500","211040","74.7","56.2",NA,NA
2022-10-12,"MH","92665","119197","44.1","43.3",NA,NA
2022-10-12,"BP2","333711","0","0","37.5",NA,NA
2022-10-12,"MT","1734425","162281","58.3","50.5",NA,NA
2022-10-12,"NV","5253947","170574","62.5","41.4",NA,NA
2022-10-12,"OK","6362944","160803","59.3","40.1",NA,NA
2022-10-12,"HI","3279502","231624","80.4","58",NA,NA
2022-10-12,"NE","3489100","180370","65.2","53.7",NA,NA
2022-10-12,"NH","2649747","194876","69.6","50.3",NA,NA
2022-10-12,"AZ","13368337","183663","63.7","45.8",NA,NA
2022-10-12,"ME","3196330","237785","81.9","59",NA,NA
2022-10-12,"MP","113744","219367","84.3","52.1",NA,NA
2022-10-12,"GU","379153","225031","84.6","52",NA,NA
2022-10-12,"VI","151097","142155","54.6","31.6",NA,NA
2022-10-12,"WY","801483","138483","52.2","45.7",NA,NA
2022-10-12,"ND","1201318","157640","57.3","46.3",NA,NA
2022-10-12,"SD","1549967","175205","64.4","44.7",NA,NA
2022-10-12,"AS","114422","241437","89.5","57.9",NA,NA
2022-10-12,"OR","8581519","203463","71.2","56.8",NA,NA
2022-10-12,"NM","4341593","207055","73.5","52.9",NA,NA
2022-10-12,"TN","10743836","157323","55.7","46.8",NA,NA
2022-10-12,"MD","13516541","223574","78.2","55",NA,NA
2022-10-12,"MN","11572629","205202","70.9","61",NA,NA
2022-10-12,"LA","6646180","142966","54.6","42",NA,NA
2022-10-12,"CA","81763386","206932","74.1","55.7",NA,NA
2022-10-12,"PA","25270026","197391","71.3","45.4",NA,NA
2022-10-12,"MO","9747733","158824","57.9","45.4",NA,NA
2022-10-12,"MI","17354411","173772","61.5","57",NA,NA
2022-10-12,"RI","2447927","231076","85.9","56.6",NA,NA
2022-10-12,"VA","18066018","211657","75.3","51.6",NA,NA
2022-10-12,"GA","16055560","151219","56.4","41.7",NA,NA
2022-10-12,"NC","18256621","174070","64.8","29.9",NA,NA
2022-10-12,"CT","8273306","232052","81.5","54",NA,NA
2022-10-12,"IL","24834742","195984","70.3","55.3",NA,NA
2022-10-12,"VA2","7956345","0","0","41.3",NA,NA
2022-10-12,"CO","11918400","206962","72.3","55.8",NA,NA
2022-10-12,"DC","1774892","251491","81.7","45.8",NA,NA
2022-10-12,"KS","4972779","170691","64","47.1",NA,NA
2022-10-12,"AL","6649782","135622","52.4","38.3",NA,NA
2022-10-12,"TX","48887075","168600","62.4","37.6",NA,NA
2022-10-05,"CT","8267573","231891","81.4","54",NA,NA
2022-10-05,"HI","3252277","229701","80.3","57.8",NA,NA
2022-10-05,"MA","16308908","236618","81.8","54.2",NA,NA
2022-10-05,"MI","17195181","172178","61.4","56.8",NA,NA
2022-10-05,"NY","41982057","215807","79.1","47.6",NA,NA
2022-10-05,"PW","49686","230754","85.3","65.9",NA,NA
2022-10-05,"PR","7690782","240811","85.5","62.1",NA,NA
2022-10-05,"KY","6994880","156567","58.7","46.8",NA,NA
2022-10-05,"IA","5561980","176287","63.3","55.5",NA,NA
2022-10-05,"MD","13389901","221479","78","54.8",NA,NA
2022-10-05,"DE","1987899","204146","71.6","49.1",NA,NA
2022-10-05,"KS","4932409","169306","63.9","46.9",NA,NA
2022-10-05,"US","624198981","188007","68","48.9","28248302","11501466"
2022-10-05,"NM","4297167","204936","73.3","52.7",NA,NA
2022-10-05,"UT","5657654","176473","65.7","47.7",NA,NA
2022-10-05,"WY","795386","137430","52.2","45.6",NA,NA
2022-10-05,"NC","18123477","172801","64.5","29.6",NA,NA
2022-10-05,"DC","1752091","248260","81.1","45.5",NA,NA
2022-10-05,"VA2","7902204","0","0","41.1",NA,NA
2022-10-05,"MN","11442522","202895","70.8","60.8",NA,NA
2022-10-05,"ID","2648755","148218","55.5","46.4",NA,NA
2022-10-05,"NH","2618040","192544","69.5","49.8",NA,NA
2022-10-05,"PA","25110975","196149","71.2","45.2",NA,NA
2022-10-05,"ME","3153252","234580","81.8","58.9",NA,NA
2022-10-05,"WV","2920852","162981","59","48.2",NA,NA
2022-10-05,"SC","8088466","157097","58.8","43",NA,NA
2022-10-05,"NE","3467406","179249","65.1","53.6",NA,NA
2022-10-05,"IH2","2390124","114755","43","34.8",NA,NA
2022-10-05,"AS","114380","241349","89.5","57.8",NA,NA
2022-10-05,"LA","6618934","142380","54.6","41.9",NA,NA
2022-10-05,"OR","8500972","201553","71.1","56.7",NA,NA
2022-10-05,"RI","2427022","229102","85.7","56.5",NA,NA
2022-10-05,"MS","4106574","137983","53.2","40.1",NA,NA
2022-10-05,"OH","19359190","165617","59.6","54.9",NA,NA
2022-10-05,"FL","39909379","185817","68.5","42.7",NA,NA
2022-10-05,"VI","150986","142051","54.6","31.6",NA,NA
2022-10-05,"NV","5238059","170058","62.4","41.3",NA,NA
2022-10-05,"AL","6631238","135243","52.4","38.2",NA,NA
2022-10-05,"TN","10683631","156441","55.7","46.7",NA,NA
2022-10-05,"MH","91502","117701","43.5","43.4",NA,NA
2022-10-05,"MP","113472","218842","84.2","52",NA,NA
2022-10-05,"VA","17913518","209870","75.2","51.5",NA,NA
2022-10-05,"FM","177050","173036","66.2","48.6",NA,NA
2022-10-05,"VT","1564687","250756","83.5","63.9",NA,NA
2022-10-05,"GA","15965675","150372","56.3","41.5",NA,NA
2022-10-05,"GU","377830","224246","84.5","51.8",NA,NA
2022-10-05,"BP2","333659","0","0","37.5",NA,NA
2022-10-05,"WA","15915201","209001","74.5","56.1",NA,NA
2022-10-05,"OK","6322133","159772","59.2","39.9",NA,NA
2022-10-05,"TX","48759624","168161","62.3","37.5",NA,NA
2022-10-05,"AR","4547572","150691","55.9","42.5",NA,NA
2022-10-05,"DD2","8983413","0","0","26.1",NA,NA
2022-10-05,"IN","10450963","155238","57.1","49",NA,NA
2022-10-05,"WI","11228277","192845","67","58.8",NA,NA
2022-10-05,"IL","24643666","194476","70.2","55.2",NA,NA
2022-10-05,"CA","81759977","206923","74","56.2",NA,NA
2022-10-05,"MT","1716903","160642","58.2","50.2",NA,NA
2022-10-05,"ND","1189384","156074","57.2","46",NA,NA
2022-10-05,"CO","11808619","205056","72.1","55.7",NA,NA
2022-10-05,"MO","9669079","157543","57.8","45.2",NA,NA
2022-10-05,"AZ","13285173","182521","63.6","45.7",NA,NA
2022-10-05,"NJ","18506887","208360","77.7","50.3",NA,NA
2022-10-05,"SD","1547720","174951","64.4","44.7",NA,NA
2022-10-05,"AK","1235188","168846","64.3","47.5",NA,NA
2022-09-28,"MA","16151378","234333","81.5","54",NA,NA
2022-09-28,"BP2","333359","0","0","37.5",NA,NA
2022-09-28,"PR","7652055","239599","85.2","61.8",NA,NA
2022-09-28,"IN","10400546","154489","57","48.9",NA,NA
2022-09-28,"HI","3222138","227573","80.1","57.7",NA,NA
2022-09-28,"MH","90208","116037","43.1","42.9",NA,NA
2022-09-28,"IL","24430814","192796","70","55.1",NA,NA
2022-09-28,"TN","10625434","155589","55.6","46.6",NA,NA
2022-09-28,"SC","8046544","156283","58.6","42.9",NA,NA
2022-09-28,"MT","1694792","158573","58","50",NA,NA
2022-09-28,"NJ","18390826","207053","77.5","50.2",NA,NA
2022-09-28,"ND","1177483","154513","56.9","45.8",NA,NA
2022-09-28,"AR","4522071","149846","55.8","42.3",NA,NA
2022-09-28,"OR","8423350","199713","71","56.5",NA,NA
2022-09-28,"NH","2582617","189939","69","49.4",NA,NA
2022-09-28,"KY","6950344","155570","58.6","46.6",NA,NA
2022-09-28,"MI","17055654","170781","61.4","56.7",NA,NA
2022-09-28,"TX","48635364","167732","62.2","37.4",NA,NA
2022-09-28,"SD","1536133","173641","64.2","44.5",NA,NA
2022-09-28,"IH2","2379833","114261","43","34.6",NA,NA
2022-09-28,"CA","81176365","205446","73.8","56.1",NA,NA
2022-09-28,"WV","2901813","161918","58.9","48",NA,NA
2022-09-28,"FL","39803100","185323","68.4","42.7",NA,NA
2022-09-28,"CT","8196899","229909","81.2","53.9",NA,NA
2022-09-28,"AL","6612131","134854","52.3","38.1",NA,NA
2022-09-28,"GA","15908164","149831","56.3","41.2",NA,NA
2022-09-28,"DE","1970701","202380","71.4","48.9",NA,NA
2022-09-28,"AS","114313","241207","89.4","57.8",NA,NA
2022-09-28,"VA2","7846098","0","0","40.9",NA,NA
2022-09-28,"NE","3451226","178413","65","53.5",NA,NA
2022-09-28,"ME","3123320","232353","81.6","58.7",NA,NA
2022-09-28,"FM","177050","173036","66.2","48.6",NA,NA
2022-09-28,"MP","113203","218324","84.2","51.9",NA,NA
2022-09-28,"OK","6283816","158804","59","39.8",NA,NA
2022-09-28,"US","619765972","186672","67.9","48.8","26631009","7570309"
2022-09-28,"RI","2406345","227151","85.5","56.4",NA,NA
2022-09-28,"VA","17767824","208163","75","51.4",NA,NA
2022-09-28,"NV","5193128","168600","62.2","41.1",NA,NA
2022-09-28,"PW","49563","230183","85.3","65.8",NA,NA
2022-09-28,"MD","13268363","219468","77.8","54.7",NA,NA
2022-09-28,"OH","19205111","164299","59.5","54.8",NA,NA
2022-09-28,"DD2","8970394","0","0","24.9",NA,NA
2022-09-28,"VI","150804","141880","54.4","31.6",NA,NA
2022-09-28,"AK","1224705","167413","63.6","47.4",NA,NA
2022-09-28,"VT","1548905","248226","83.3","63.7",NA,NA
2022-09-28,"PA","24627159","192370","70.8","44.6",NA,NA
2022-09-28,"WA","15759837","206961","74.1","56",NA,NA
2022-09-28,"NY","41735576","214540","78.9","47.5",NA,NA
2022-09-28,"CO","11696851","203115","72","55.5",NA,NA
2022-09-28,"WY","789295","136377","52.1","45.5",NA,NA
2022-09-28,"MS","4088689","137382","53.1","39.9",NA,NA
2022-09-28,"MO","9599422","156408","57.6","45.1",NA,NA
2022-09-28,"LA","6582412","141594","54.5","41.8",NA,NA
2022-09-28,"NM","4267972","203544","73.2","52.6",NA,NA
2022-09-28,"NC","17991435","171542","64.2","29.4",NA,NA
2022-09-28,"UT","5612100","175052","65.6","47.6",NA,NA
2022-09-28,"MN","11323808","200790","70.7","60.7",NA,NA
2022-09-28,"KS","4893322","167964","63.7","46.7",NA,NA
2022-09-28,"GU","375547","222891","84.2","51.4",NA,NA
2022-09-28,"WI","11122710","191032","66.9","58.7",NA,NA
2022-09-28,"AZ","13195927","181295","63.5","45.5",NA,NA
2022-09-28,"IA","5515503","174814","63.2","55.3",NA,NA
2022-09-28,"ID","2630561","147200","55.4","46.2",NA,NA
2022-09-28,"DC","1733425","245615","80.6","45.1",NA,NA
2022-09-21,"WY","784584","135563","52","45.4",NA,NA
2022-09-21,"CA","80653447","204123","73.7","56",NA,NA
2022-09-21,"WV","2885733","161021","58.8","47.9",NA,NA
2022-09-21,"GA","15828716","149082","56.2","41.1",NA,NA
2022-09-21,"VA2","7797668","0","0","40.7",NA,NA
2022-09-21,"DC","1719915","243701","80.2","44.9",NA,NA
2022-09-21,"MH","87472","112517","42.1","42.4",NA,NA
2022-09-21,"FL","39628002","184507","68.4","42.6",NA,NA
2022-09-21,"ME","3094461","230206","81.5","58.6",NA,NA
2022-09-21,"AR","4496588","149002","55.7","42.2",NA,NA
2022-09-21,"PA","24604754","192195","70.8","44.6",NA,NA
2022-09-21,"NY","41469439","213171","78.8","47.4",NA,NA
2022-09-21,"US","616172308","185589","67.8","48.7","25308809","4352973"
2022-09-21,"TN","10571667","154802","55.6","46.5",NA,NA
2022-09-21,"ID","2613547","146248","55.3","46.1",NA,NA
2022-09-21,"NH","2757642","202811","72.8","48.8",NA,NA
2022-09-21,"NM","4237932","202111","73","52.6",NA,NA
2022-09-21,"BP2","333070","0","0","37.5",NA,NA
2022-09-21,"MP","112886","217712","84.1","51.7",NA,NA
2022-09-21,"MA","16005329","232214","81.2","53.9",NA,NA
2022-09-21,"VI","150527","141619","54.4","31.7",NA,NA
2022-09-21,"ND","1166394","153058","56.8","45.6",NA,NA
2022-09-21,"WA","15617865","205096","74","55.9",NA,NA
2022-09-21,"OR","8386132","198830","70.9","56.5",NA,NA
2022-09-21,"IA","5465251","173221","63.1","55.2",NA,NA
2022-09-21,"AZ","13115748","180193","63.4","45.4",NA,NA
2022-09-21,"IH2","2370545","113815","42.9","34.5",NA,NA
2022-09-21,"WI","11032737","189487","66.8","58.6",NA,NA
2022-09-21,"SD","1525909","172486","64","44.4",NA,NA
2022-09-21,"NJ","18283404","205843","77.4","50.1",NA,NA
2022-09-21,"MS","4081817","137151","53.1","39.9",NA,NA
2022-09-21,"KS","4858561","166771","63.6","46.6",NA,NA
2022-09-21,"HI","3187818","225149","79.9","57.5",NA,NA
2022-09-21,"MI","16923451","169457","61.3","56.6",NA,NA
2022-09-21,"GU","375521","222876","84.2","51.4",NA,NA
2022-09-21,"MT","1694479","158544","58","50",NA,NA
2022-09-21,"NC","17873164","170414","64","29.1",NA,NA
2022-09-21,"OK","6250340","157958","58.8","39.7",NA,NA
2022-09-21,"VT","1532229","245554","83.2","63.5",NA,NA
2022-09-21,"LA","6558708","141084","54.4","41.8",NA,NA
2022-09-21,"IL","24196590","190948","69.8","55",NA,NA
2022-09-21,"NV","5180693","168196","62.1","41.1",NA,NA
2022-09-21,"MO","9537187","155394","57.5","45",NA,NA
2022-09-21,"AS","114136","240834","89.3","57.8",NA,NA
2022-09-21,"RI","2385723","225204","85.3","56.3",NA,NA
2022-09-21,"MN","11205927","198700","70.6","60.5",NA,NA
2022-09-21,"KY","6906735","154594","58.5","46.5",NA,NA
2022-09-21,"TX","48516866","167323","62.2","37.4",NA,NA
2022-09-21,"CT","8134396","228155","81.1","53.8",NA,NA
2022-09-21,"IN","10361467","153909","56.9","48.8",NA,NA
2022-09-21,"SC","8005473","155485","58.5","42.8",NA,NA
2022-09-21,"DD2","8949620","0","0","24.9",NA,NA
2022-09-21,"VA","17640301","206669","74.9","51.3",NA,NA
2022-09-21,"CO","11601630","201461","71.8","55.4",NA,NA
2022-09-21,"PR","7621368","238638","85","61.6",NA,NA
2022-09-21,"PW","49499","229886","85.3","65.7",NA,NA
2022-09-21,"DE","1953849","200649","71.2","48.7",NA,NA
2022-09-21,"FM","174903","170937","65.6","48.2",NA,NA
2022-09-21,"NE","3414742","176526","64.9","53.4",NA,NA
2022-09-21,"AL","6594010","134484","52.3","38",NA,NA
2022-09-21,"AK","1216011","166225","63.5","47.3",NA,NA
2022-09-21,"OH","19068097","163127","59.5","54.7",NA,NA
2022-09-21,"UT","5526347","172377","65.5","47.3",NA,NA
2022-09-21,"MD","13150667","217522","77.7","54.6",NA,NA
2022-09-14,"CA","80172163","202905","73.6","55.9",NA,NA
2022-09-14,"AZ","13030381","179020","63.2","45.2",NA,NA
2022-09-14,"VI","150344","141447","54.3","31.7",NA,NA
2022-09-14,"IN","10317965","153262","56.9","48.7",NA,NA
2022-09-14,"DE","1931891","198394","71","48.5",NA,NA
2022-09-14,"WI","10983539","188642","66.7","58.6",NA,NA
2022-09-14,"NE","3405439","176046","64.8","53.4",NA,NA
2022-09-14,"WY","781320","134999","51.9","45.3",NA,NA
2022-09-14,"MD","13045598","215784","77.5","54.5",NA,NA
2022-09-14,"TX","48406066","166941","62.1","37.3",NA,NA
2022-09-14,"OH","18949762","162115","59.4","54.7",NA,NA
2022-09-14,"US","612781120","184568","67.7","48.6","24164995","1542847"
2022-09-14,"CO","11513880","199938","71.7","55.4",NA,NA
2022-09-14,"OK","6222156","157245","58.7","39.6",NA,NA
2022-09-14,"NV","5152562","167283","62.1","41",NA,NA
2022-09-14,"DC","1687071","239047","79.3","44.4",NA,NA
2022-09-14,"WA","15497444","203515","73.9","55.8",NA,NA
2022-09-14,"GA","15771880","148547","56.1","41",NA,NA
2022-09-14,"NY","41241407","211999","78.6","47.3",NA,NA
2022-09-14,"SD","1518079","171600","63.9","44.3",NA,NA
2022-09-14,"UT","5526216","172373","65.5","47.3",NA,NA
2022-09-14,"PW","49486","229825","85.2","65.8",NA,NA
2022-09-14,"LA","6547445","140842","54.4","41.7",NA,NA
2022-09-14,"GU","375506","222867","84.2","51.4",NA,NA
2022-09-14,"MS","4072117","136825","53","39.9",NA,NA
2022-09-14,"NC","17765853","169391","63.7","28.9",NA,NA
2022-09-14,"AR","4475435","148301","55.7","42.1",NA,NA
2022-09-14,"WV","2871097","160204","58.7","47.8",NA,NA
2022-09-14,"OR","8323680","197349","70.8","56.4",NA,NA
2022-09-14,"VA2","7777326","0","0","40.6",NA,NA
2022-09-14,"ID","2599038","145436","55.2","46",NA,NA
2022-09-14,"VT","1518517","243356","83","63.4",NA,NA
2022-09-14,"VA","17522728","205292","74.8","51.2",NA,NA
2022-09-14,"MH","87472","112517","42.1","42.4",NA,NA
2022-09-14,"MI","16758098","167802","61.2","56.4",NA,NA
2022-09-14,"IA","5435034","172263","63","55.1",NA,NA
2022-09-14,"NM","4212180","200883","72.9","52.5",NA,NA
2022-09-14,"AL","6578223","134162","52.2","37.9",NA,NA
2022-09-14,"ND","1165878","152990","56.8","45.6",NA,NA
2022-09-14,"SC","7966136","154721","58.4","42.7",NA,NA
2022-09-14,"TN","10512798","153940","55.5","46.4",NA,NA
2022-09-14,"MP","112664","217284","84.1","51.6",NA,NA
2022-09-14,"AS","114038","240627","89.3","57.7",NA,NA
2022-09-14,"AK","1209093","165279","63.5","47.2",NA,NA
2022-09-14,"PR","7587483","237577","84.8","61.5",NA,NA
2022-09-14,"MN","11125076","197266","70.5","60.5",NA,NA
2022-09-14,"RI","2370022","223722","85.1","56.2",NA,NA
2022-09-14,"IL","24007969","189460","69.7","54.9",NA,NA
2022-09-14,"KS","4833013","165894","63.5","46.5",NA,NA
2022-09-14,"ME","3070083","228393","81.4","58.5",NA,NA
2022-09-14,"NJ","18111476","203908","77.2","49.9",NA,NA
2022-09-14,"MA","15891234","230558","81","53.7",NA,NA
2022-09-14,"IH2","2363480","113475","42.9","34.4",NA,NA
2022-09-14,"MT","1683894","157553","57.9","49.9",NA,NA
2022-09-14,"PA","24571828","191938","70.7","44.6",NA,NA
2022-09-14,"FL","39453696","183696","68.3","42.5",NA,NA
2022-09-14,"KY","6871713","153810","58.5","46.4",NA,NA
2022-09-14,"BP2","332796","0","0","37.5",NA,NA
2022-09-14,"FM","172719","168803","65.2","47.5",NA,NA
2022-09-14,"NH","2735991","201219","72.6","48.6",NA,NA
2022-09-14,"HI","3171836","224020","79.8","57.4",NA,NA
2022-09-14,"CT","8077182","226551","80.9","53.7",NA,NA
2022-09-14,"MO","9490567","154634","57.4","44.9",NA,NA
2022-09-14,"DD2","8935584","0","0","24.8",NA,NA
2022-09-07,"VA","17437370","204292","74.7","51.1",NA,NA
2022-09-07,"VA2","7776570","0","0","40.6",NA,NA
2022-09-07,"MN","11088243","196613","70.4","60.4",NA,NA
2022-09-07,"MS","4066650","136641","53","39.8",NA,NA
2022-09-07,"IH2","2360258","113321","42.8","34.4",NA,NA
2022-09-07,"SC","7941466","154242","58.4","42.6",NA,NA
2022-09-07,"NM","4197961","200205","72.8","52.4",NA,NA
2022-09-07,"WI","10943927","187961","66.7","58.6",NA,NA
2022-09-07,"FL","39313141","183041","68.2","42.5",NA,NA
2022-09-07,"VT","1509894","241974","82.9","63.3",NA,NA
2022-09-07,"KY","6859802","153543","58.4","46.4",NA,NA
2022-09-07,"FM","168631","164807","64.2","46.5",NA,NA
2022-09-07,"LA","6541570","140715","54.4","41.7",NA,NA
2022-09-07,"IA","5420812","171813","63","55.1",NA,NA
2022-09-07,"MH","87472","112517","42.1","42.4",NA,NA
2022-09-07,"ME","3056543","227385","81.3","58.5",NA,NA
2022-09-07,"NV","5136697","166767","62","40.9",NA,NA
2022-09-07,"AS","114038","240627","89.3","57.7",NA,NA
2022-09-07,"AK","1204887","164704","63.4","47.1",NA,NA
2022-09-07,"IN","10299191","152984","56.9","48.7",NA,NA
2022-09-07,"DE","1931887","198394","70.9","48.5",NA,NA
2022-09-07,"OR","8288198","196508","70.7","56.3",NA,NA
2022-09-07,"GU","375144","222652","84.2","51.3",NA,NA
2022-09-07,"DC","1680956","238180","79","44.3",NA,NA
2022-09-07,"AR","4467033","148023","55.6","42.1",NA,NA
2022-09-07,"CA","79859686","202114","73.5","55.8",NA,NA
2022-09-07,"ID","2591037","144988","55.2","45.9",NA,NA
2022-09-07,"TX","48290093","166541","62.1","37.3",NA,NA
2022-09-07,"DD2","8923779","0","0","24.8",NA,NA
2022-09-07,"MA","15791771","229115","80.9","53.7",NA,NA
2022-09-07,"CO","11467545","199133","71.6","55.3",NA,NA
2022-09-07,"NY","41079393","211166","78.5","47.2",NA,NA
2022-09-07,"SD","1513618","171096","63.7","44.2",NA,NA
2022-09-07,"MP","112547","217058","84.1","51.6",NA,NA
2022-09-07,"MT","1678016","157003","57.9","49.9",NA,NA
2022-09-07,"NH","2721848","200178","72.4","48.4",NA,NA
2022-09-07,"IL","23876285","188420","69.6","54.8",NA,NA
2022-09-07,"GA","15719834","148057","56.1","40.9",NA,NA
2022-09-07,"OK","6204411","156797","58.7","39.5",NA,NA
2022-09-07,"PR","7559388","236697","84.6","61.3",NA,NA
2022-09-07,"TN","10473213","153360","55.4","46.3",NA,NA
2022-09-07,"VI","150075","141194","54.3","31.7",NA,NA
2022-09-07,"WA","15429843","202627","73.8","55.7",NA,NA
2022-09-07,"US","610686563","183937","67.6","48.6","23526245",NA
2022-09-07,"WY","779002","134599","51.9","45.2",NA,NA
2022-09-07,"OH","18874829","161474","59.3","54.6",NA,NA
2022-09-07,"BP2","331777","0","0","37.5",NA,NA
2022-09-07,"NC","17678763","168560","63.5","28.7",NA,NA
2022-09-07,"WV","2863007","159753","58.7","47.8",NA,NA
2022-09-07,"PW","49452","229667","85.2","65.7",NA,NA
2022-09-07,"MD","12966231","214471","77.4","54.4",NA,NA
2022-09-07,"NE","3401461","175840","64.8","53.4",NA,NA
2022-09-07,"ND","1162220","152510","56.7","45.5",NA,NA
2022-09-07,"MI","16746667","167687","61.1","56.4",NA,NA
2022-09-07,"AZ","12971347","178209","63.2","45.1",NA,NA
2022-09-07,"KS","4817969","165378","63.4","46.4",NA,NA
2022-09-07,"RI","2356637","222458","85","56.1",NA,NA
2022-09-07,"AL","6566505","133923","52.2","37.9",NA,NA
2022-09-07,"NJ","18111411","203907","77.2","49.9",NA,NA
2022-09-07,"CT","8045230","225654","80.8","53.7",NA,NA
2022-09-07,"HI","3158195","223057","79.7","57.3",NA,NA
2022-09-07,"PA","24526499","191584","70.6","44.6",NA,NA
2022-09-07,"MO","9467307","154255","57.3","44.8",NA,NA
2022-09-07,"UT","5519396","172161","65.4","47.3",NA,NA
2022-08-31,"PA","24503595","191405","70.5","44.6",NA,NA
2022-08-31,"WI","10931310","187745","66.7","58.5",NA,NA
2022-08-31,"NH","2721533","200155","72.4","48.4",NA,NA
2022-08-31,"NE","3394554","175483","64.7","53.3",NA,NA
2022-08-31,"OR","8279198","196295","70.7","56.3",NA,NA
2022-08-31,"DC","1675322","237382","78.8","44.2",NA,NA
2022-08-31,"FL","39293181","182948","68.2","42.4",NA,NA
2022-08-31,"MO","9455706","154066","57.3","44.8",NA,NA
2022-08-31,"VA","17418538","204071","74.6","51.1",NA,NA
2022-08-31,"MD","12952717","214247","77.3","54.4",NA,NA
2022-08-31,"PW","49416","229500","85.2","65.7",NA,NA
2022-08-31,"SD","1511407","170846","63.7","44.2",NA,NA
2022-08-31,"DE","1929760","198175","70.9","48.5",NA,NA
2022-08-31,"OK","6198344","156644","58.6","39.5",NA,NA
2022-08-31,"IH2","2357614","113194","42.8","34.3",NA,NA
2022-08-31,"NJ","18100834","203788","77.1","49.9",NA,NA
2022-08-31,"MH","84520","108720","41.3","40.2",NA,NA
2022-08-31,"BP2","331768","0","0","37.5",NA,NA
2022-08-31,"OH","18854635","161301","59.3","54.6",NA,NA
2022-08-31,"VT","1507092","241525","82.8","63.2",NA,NA
2022-08-31,"AL","6560084","133792","52.2","37.9",NA,NA
2022-08-31,"KY","6854780","153431","58.4","46.4",NA,NA
2022-08-31,"WY","778457","134505","51.9","45.2",NA,NA
2022-08-31,"ID","2588479","144845","55.1","45.9",NA,NA
2022-08-31,"UT","5511537","171915","65.4","47.2",NA,NA
2022-08-31,"IN","10291557","152870","56.8","48.7",NA,NA
2022-08-31,"MI","16730261","167523","61.1","56.4",NA,NA
2022-08-31,"NC","17660474","168386","63.5","28.7",NA,NA
2022-08-31,"ME","3052901","227115","81.2","58.4",NA,NA
2022-08-31,"NM","4193859","200010","72.8","52.4",NA,NA
2022-08-31,"FM","168631","164807","64.2","46.5",NA,NA
2022-08-31,"DD2","8903950","0","0","24.7",NA,NA
2022-08-31,"WA","15411774","202390","73.7","55.7",NA,NA
2022-08-31,"CA","79794514","201949","73.5","55.8",NA,NA
2022-08-31,"NV","5134126","166684","62","40.9",NA,NA
2022-08-31,"AK","1204769","164688","63.4","47.1",NA,NA
2022-08-31,"IA","5414988","171628","63","55.1",NA,NA
2022-08-31,"TX","48158552","166088","61.6","37.4",NA,NA
2022-08-31,"VA2","7770359","0","0","40.6",NA,NA
2022-08-31,"NY","41044869","210989","78.5","47.2",NA,NA
2022-08-31,"PR","7538368","236039","84.5","61.1",NA,NA
2022-08-31,"HI","3156198","222915","79.7","57.3",NA,NA
2022-08-31,"GU","374615","222338","84.1","51.2",NA,NA
2022-08-31,"IL","23852397","188232","69.6","54.8",NA,NA
2022-08-31,"WV","2861008","159641","58.7","47.8",NA,NA
2022-08-31,"MN","11067336","196242","70.4","60.3",NA,NA
2022-08-31,"GA","15714461","148006","56","40.9",NA,NA
2022-08-31,"SC","7935303","154122","58.3","42.6",NA,NA
2022-08-31,"LA","6536612","140609","54.4","41.7",NA,NA
2022-08-31,"KS","4812585","165193","63.3","46.4",NA,NA
2022-08-31,"US","610012616","183734","67.5","48.5","23352636",NA
2022-08-31,"MT","1675440","156762","57.8","49.8",NA,NA
2022-08-31,"AR","4463036","147890","55.6","42",NA,NA
2022-08-31,"VI","149430","140587","54.2","31.7",NA,NA
2022-08-31,"MA","15773792","228854","80.8","53.6",NA,NA
2022-08-31,"ND","1162042","152487","56.7","45.5",NA,NA
2022-08-31,"MS","4063818","136546","53","39.8",NA,NA
2022-08-31,"CT","8039465","225493","80.8","53.7",NA,NA
2022-08-31,"CO","11453051","198881","71.6","55.3",NA,NA
2022-08-31,"AZ","12956613","178007","63.1","45.1",NA,NA
2022-08-31,"AS","113834","240197","89.2","57.6",NA,NA
2022-08-31,"TN","10463546","153218","55.4","46.3",NA,NA
2022-08-31,"RI","2353711","222182","84.9","56.1",NA,NA
2022-08-31,"MP","112460","216891","84.1","51.5",NA,NA
2022-08-24,"MO","9439357","153800","57.3","44.7",NA,NA
2022-08-24,"SD","1507783","170437","63.6","44.1",NA,NA
2022-08-24,"LA","6527938","140422","54.3","41.6",NA,NA
2022-08-24,"NC","17630507","168100","63.4","28.6",NA,NA
2022-08-24,"MA","15744616","228431","80.7","53.5",NA,NA
2022-08-24,"MH","82642","106304","41","38.6",NA,NA
2022-08-24,"GU","373743","221820","84","51.1",NA,NA
2022-08-24,"IN","10280319","152703","56.8","48.6",NA,NA
2022-08-24,"IH2","2351992","112924","42.7","34.2",NA,NA
2022-08-24,"GA","15686328","147741","56","40.8",NA,NA
2022-08-24,"ND","1155589","151640","56.6","45.2",NA,NA
2022-08-24,"AK","1202497","164378","63.3","47",NA,NA
2022-08-24,"CA","79656852","201601","73.4","55.7",NA,NA
2022-08-24,"US","608937334","183410","67.4","48.5","23074624",NA
2022-08-24,"NV","5127825","166479","61.9","40.8",NA,NA
2022-08-24,"WA","15378264","201950","73.7","55.6",NA,NA
2022-08-24,"NY","40978821","210649","78.4","47.2",NA,NA
2022-08-24,"DC","1669558","236565","78.6","44.1",NA,NA
2022-08-24,"MD","12921095","213724","77.2","54.3",NA,NA
2022-08-24,"AR","4455071","147626","55.5","42",NA,NA
2022-08-24,"KS","4803071","164866","63.3","46.4",NA,NA
2022-08-24,"NJ","18072396","203468","77.1","49.8",NA,NA
2022-08-24,"MP","112284","216551","84.1","51.4",NA,NA
2022-08-24,"IL","23813950","187928","69.5","54.7",NA,NA
2022-08-24,"PW","49396","229407","85.1","65.7",NA,NA
2022-08-24,"DD2","8874449","0","0","24.6",NA,NA
2022-08-24,"VA2","7755789","0","0","40.5",NA,NA
2022-08-24,"VA","17345797","203219","74.5","50.9",NA,NA
2022-08-24,"MT","1670781","156326","57.8","49.7",NA,NA
2022-08-24,"OH","18819051","160997","59.3","54.5",NA,NA
2022-08-24,"CO","11431498","198507","71.5","55.2",NA,NA
2022-08-24,"WI","10907746","187340","66.6","58.4",NA,NA
2022-08-24,"BP2","330715","0","0","37.4",NA,NA
2022-08-24,"FL","39244732","182723","68.1","42.4",NA,NA
2022-08-24,"NM","4185363","199604","72.7","52.3",NA,NA
2022-08-24,"PR","7510123","235155","84.3","60.8",NA,NA
2022-08-24,"HI","3151503","222584","79.7","57.2",NA,NA
2022-08-24,"NE","3387286","175107","64.7","53.2",NA,NA
2022-08-24,"OK","6188879","156404","58.6","39.4",NA,NA
2022-08-24,"CT","8025449","225100","80.7","53.6",NA,NA
2022-08-24,"DE","1925894","197778","70.8","48.4",NA,NA
2022-08-24,"WY","777374","134317","51.8","45.2",NA,NA
2022-08-24,"SC","7922341","153870","58.3","42.6",NA,NA
2022-08-24,"VI","149344","140506","54.2","31.7",NA,NA
2022-08-24,"WV","2857156","159426","58.6","47.7",NA,NA
2022-08-24,"AZ","12930773","177652","63.1","45",NA,NA
2022-08-24,"MI","16697776","167198","61.1","56.2",NA,NA
2022-08-24,"AL","6549961","133586","52.1","37.8",NA,NA
2022-08-24,"KY","6842713","153161","58.4","46.3",NA,NA
2022-08-24,"ID","2584437","144619","55.1","45.8",NA,NA
2022-08-24,"PA","24450718","190992","70.5","44.5",NA,NA
2022-08-24,"MS","4056940","136315","52.9","39.8",NA,NA
2022-08-24,"FM","164997","161256","63.4","45.3",NA,NA
2022-08-24,"VT","1503262","240912","82.7","63.1",NA,NA
2022-08-24,"TX","48155032","166075","61.6","37.4",NA,NA
2022-08-24,"IA","5405191","171318","62.9","55",NA,NA
2022-08-24,"RI","2348488","221689","84.8","56",NA,NA
2022-08-24,"TN","10446971","152976","55.4","46.3",NA,NA
2022-08-24,"MN","11038641","195733","70.3","60.2",NA,NA
2022-08-24,"NH","2711825","199441","72.3","48.3",NA,NA
2022-08-24,"OR","8262350","195895","70.7","56.1",NA,NA
2022-08-24,"AS","113529","239553","89.1","57.4",NA,NA
2022-08-24,"UT","5502217","171625","65.3","47.2",NA,NA
2022-08-24,"ME","3046622","226647","81.2","58.3",NA,NA
2022-08-17,"WI","10882297","186903","66.5","58.3",NA,NA
2022-08-17,"GU","371953","220758","83.9","50.7",NA,NA
2022-08-17,"MI","16646803","166687","61","56.1",NA,NA
2022-08-17,"NC","17594188","167754","63.3","28.5",NA,NA
2022-08-17,"RI","2343268","221196","84.6","55.9",NA,NA
2022-08-17,"BP2","330292","0","0","37.4",NA,NA
2022-08-17,"UT","5478311","170879","65.3","47",NA,NA
2022-08-17,"MN","11010787","195239","70.2","60.1",NA,NA
2022-08-17,"SD","1503323","169932","63.5","44",NA,NA
2022-08-17,"FL","39185364","182446","68.1","42.4",NA,NA
2022-08-17,"ME","3039285","226102","81.1","58.2",NA,NA
2022-08-17,"IA","5390146","170841","62.8","54.9",NA,NA
2022-08-17,"DE","1921703","197348","70.7","48.3",NA,NA
2022-08-17,"IL","23776494","187633","69.5","54.6",NA,NA
2022-08-17,"NH","2710786","199365","72.2","48.3",NA,NA
2022-08-17,"SC","7906812","153569","58.2","42.5",NA,NA
2022-08-17,"KS","4791732","164477","63.2","46.3",NA,NA
2022-08-17,"VA","17301355","202698","74.4","50.8",NA,NA
2022-08-17,"NJ","18041282","203117","77","49.7",NA,NA
2022-08-17,"VA2","7739708","0","0","40.4",NA,NA
2022-08-17,"AR","4446971","147358","55.5","41.9",NA,NA
2022-08-17,"OH","18779360","160657","59.2","54.4",NA,NA
2022-08-17,"KY","6830209","152881","58.3","46.2",NA,NA
2022-08-17,"MT","1670534","156303","57.8","49.7",NA,NA
2022-08-17,"FM","156524","152975","61.6","41.8",NA,NA
2022-08-17,"IN","10265976","152490","56.8","48.6",NA,NA
2022-08-17,"MH","82642","106304","41","38.6",NA,NA
2022-08-17,"US","607588353","183004","67.4","48.4","22699352",NA
2022-08-17,"WA","15343044","201487","73.6","55.5",NA,NA
2022-08-17,"AK","1197356","163675","63.2","46.8",NA,NA
2022-08-17,"PA","24390776","190523","70.4","44.5",NA,NA
2022-08-17,"WV","2852466","159165","58.6","47.7",NA,NA
2022-08-17,"DC","1667503","236274","78.5","44",NA,NA
2022-08-17,"MA","15712304","227962","80.7","53.4",NA,NA
2022-08-17,"MD","12888230","213181","77.1","54.2",NA,NA
2022-08-17,"ID","2579684","144353","55.1","45.7",NA,NA
2022-08-17,"CO","11406495","198073","71.4","55.1",NA,NA
2022-08-17,"PW","49349","229189","85.1","65.7",NA,NA
2022-08-17,"OK","6175823","156075","58.5","39.3",NA,NA
2022-08-17,"IH2","2346380","112654","42.7","34.1",NA,NA
2022-08-17,"MS","4050099","136085","52.9","39.7",NA,NA
2022-08-17,"GA","15564430","146593","55.8","40.4",NA,NA
2022-08-17,"NY","40907321","210282","78.3","47.1",NA,NA
2022-08-17,"NE","3381110","174788","64.6","53.2",NA,NA
2022-08-17,"LA","6517092","140189","54.3","41.6",NA,NA
2022-08-17,"AL","6538636","133355","52.1","37.8",NA,NA
2022-08-17,"NM","4176525","199183","72.6","52.3",NA,NA
2022-08-17,"CA","79498671","201200","73.4","55.6",NA,NA
2022-08-17,"ND","1155377","151612","56.6","45.2",NA,NA
2022-08-17,"CT","8011088","224697","80.6","53.5",NA,NA
2022-08-17,"TN","10425587","152662","55.3","46.2",NA,NA
2022-08-17,"DD2","8844301","0","0","24.5",NA,NA
2022-08-17,"AS","113404","239289","89","57.4",NA,NA
2022-08-17,"MO","9418381","153458","57.2","44.6",NA,NA
2022-08-17,"AZ","12903575","177278","63","44.9",NA,NA
2022-08-17,"VI","149328","140491","54.2","31.7",NA,NA
2022-08-17,"PR","7486899","234428","84.1","60.6",NA,NA
2022-08-17,"NV","5120034","166226","61.9","40.8",NA,NA
2022-08-17,"HI","3146179","222208","79.6","57.1",NA,NA
2022-08-17,"OR","8246342","195516","70.6","56",NA,NA
2022-08-17,"VT","1499430","240298","82.6","63",NA,NA
2022-08-17,"MP","112073","216144","84","51.2",NA,NA
2022-08-17,"TX","48057242","165738","61.6","37.4",NA,NA
2022-08-17,"WY","776170","134109","51.8","45.1",NA,NA
2022-08-10,"IN","10236442","152052","56.7","48.5",NA,NA
2022-08-10,"VT","1495505","239668","82.6","62.9",NA,NA
2022-08-10,"FM","156524","152975","61.6","41.8",NA,NA
2022-08-10,"NV","5111669","165955","61.8","40.7",NA,NA
2022-08-10,"NC","17552622","167358","63.2","28.5",NA,NA
2022-08-10,"SC","7886651","153177","58.1","42.4",NA,NA
2022-08-10,"MS","4041488","135796","52.8","39.6",NA,NA
2022-08-10,"HI","3140303","221793","79.6","57.1",NA,NA
2022-08-10,"FL","39115320","182120","68","42.3",NA,NA
2022-08-10,"VA2","7723786","0","0","40.3",NA,NA
2022-08-10,"GU","371828","220684","83.8","50.7",NA,NA
2022-08-10,"CT","7995506","224260","80.6","53.4",NA,NA
2022-08-10,"WV","2847285","158876","58.5","47.6",NA,NA
2022-08-10,"AZ","12860387","176685","62.9","44.8",NA,NA
2022-08-10,"ND","1151867","151151","56.5","45",NA,NA
2022-08-10,"GA","15506342","146046","55.7","40.2",NA,NA
2022-08-10,"CO","11377987","197578","71.4","55",NA,NA
2022-08-10,"MD","12854249","212619","77.1","54.1",NA,NA
2022-08-10,"PR","7448465","233224","84","60.3",NA,NA
2022-08-10,"TN","10403834","152344","55.3","46.1",NA,NA
2022-08-10,"OR","8228361","195089","70.6","55.9",NA,NA
2022-08-10,"NH","2703509","198830","72.1","48.2",NA,NA
2022-08-10,"RI","2338030","220702","84.5","55.8",NA,NA
2022-08-10,"AR","4435639","146982","55.4","41.8",NA,NA
2022-08-10,"WI","10854267","186421","66.5","58.1",NA,NA
2022-08-10,"NE","3372610","174348","64.6","53",NA,NA
2022-08-10,"OH","18729620","160231","59.2","54.3",NA,NA
2022-08-10,"SD","1498402","169376","63.4","43.8",NA,NA
2022-08-10,"TX","47932803","165309","61.5","37.2",NA,NA
2022-08-10,"ME","3031289","225507","81","58.1",NA,NA
2022-08-10,"PW","49305","228985","85.1","65.6",NA,NA
2022-08-10,"BP2","329773","0","0","37.3",NA,NA
2022-08-10,"IL","23726379","187237","69.5","54.5",NA,NA
2022-08-10,"MH","81936","105396","40.7","38.4",NA,NA
2022-08-10,"DD2","8814331","0","0","24.4",NA,NA
2022-08-10,"LA","6506052","139951","54.2","41.5",NA,NA
2022-08-10,"MI","16604053","166259","60.9","55.9",NA,NA
2022-08-10,"AK","1197172","163650","63.2","46.8",NA,NA
2022-08-10,"NY","40852886","210002","78.3","47",NA,NA
2022-08-10,"MA","15679355","227484","80.6","53.4",NA,NA
2022-08-10,"NJ","18006683","202728","76.9","49.7",NA,NA
2022-08-10,"IH2","2340381","112366","42.6","33.9",NA,NA
2022-08-10,"MN","10977005","194640","70.1","59.9",NA,NA
2022-08-10,"DC","1656528","234719","78.1","43.8",NA,NA
2022-08-10,"UT","5442647","169767","65.1","46.7",NA,NA
2022-08-10,"MT","1664501","155739","57.7","49.5",NA,NA
2022-08-10,"VI","149245","140413","54.2","31.7",NA,NA
2022-08-10,"VA","17297780","202656","74.4","50.8",NA,NA
2022-08-10,"DE","1917073","196872","70.7","48.2",NA,NA
2022-08-10,"OK","6165367","155810","58.4","39.3",NA,NA
2022-08-10,"WY","773812","133702","51.7","45",NA,NA
2022-08-10,"ID","2573738","144020","55","45.6",NA,NA
2022-08-10,"US","606162842","182574","67.3","48.3","22299699",NA
2022-08-10,"WA","15304479","200981","73.5","55.4",NA,NA
2022-08-10,"IA","5378641","170476","62.8","54.8",NA,NA
2022-08-10,"NM","4166200","198690","72.5","52.2",NA,NA
2022-08-10,"CA","79319740","200747","73.3","55.5",NA,NA
2022-08-10,"MO","9396090","153095","57.1","44.5",NA,NA
2022-08-10,"MP","111890","215791","84","51.1",NA,NA
2022-08-10,"KY","6815222","152545","58.3","46.1",NA,NA
2022-08-10,"PA","24327061","190026","70.2","44.4",NA,NA
2022-08-10,"AL","6525635","133090","52","37.7",NA,NA
2022-08-10,"KS","4777549","163990","63.1","46.1",NA,NA
2022-08-10,"AS","113181","238819","89","57.3",NA,NA
2022-08-03,"SC","7864789","152752","58","42.3",NA,NA
2022-08-03,"HI","3132647","221252","79.4","57",NA,NA
2022-08-03,"UT","5442431","169760","65.1","46.7",NA,NA
2022-08-03,"PA","24259254","189496","70.1","44.3",NA,NA
2022-08-03,"MA","15643667","226966","80.5","53.3",NA,NA
2022-08-03,"VI","149150","140324","54","31.8",NA,NA
2022-08-03,"MP","111653","215334","83.9","50.9",NA,NA
2022-08-03,"US","604235972","181994","67.2","48.2","21760521",NA
2022-08-03,"TN","10377508","151958","55.2","46.1",NA,NA
2022-08-03,"RI","2332401","220171","84.3","55.7",NA,NA
2022-08-03,"VA","17252267","202123","74.3","50.7",NA,NA
2022-08-03,"SD","1493218","168790","63.2","43.8",NA,NA
2022-08-03,"VT","1490952","238939","82.4","62.9",NA,NA
2022-08-03,"AK","1193878","163200","63","46.7",NA,NA
2022-08-03,"AR","4423901","146593","55.3","41.6",NA,NA
2022-08-03,"AS","112960","238352","88.9","57.2",NA,NA
2022-08-03,"MD","12814246","211957","76.9","54",NA,NA
2022-08-03,"ND","1147606","150592","56.3","44.9",NA,NA
2022-08-03,"FL","39035508","181749","67.9","42.2",NA,NA
2022-08-03,"GU","370542","219921","83.6","50.5",NA,NA
2022-08-03,"BP2","328235","0","0","37.2",NA,NA
2022-08-03,"IL","23644004","186587","69.3","54.3",NA,NA
2022-08-03,"OH","18674081","159756","59.1","54.2",NA,NA
2022-08-03,"IH2","2333735","112047","42.6","33.7",NA,NA
2022-08-03,"AZ","12824074","176186","62.8","44.7",NA,NA
2022-08-03,"MT","1658980","155222","57.6","49.5",NA,NA
2022-08-03,"IN","10217358","151768","56.6","48.4",NA,NA
2022-08-03,"IA","5357159","169795","62.7","54.6",NA,NA
2022-08-03,"KY","6796916","152135","58.2","46",NA,NA
2022-08-03,"CA","79117100","200234","73.2","55.4",NA,NA
2022-08-03,"WA","15260662","200405","73.4","55.3",NA,NA
2022-08-03,"MS","4030850","135438","52.7","39.5",NA,NA
2022-08-03,"DC","1644188","232971","77.7","43.6",NA,NA
2022-08-03,"WV","2837891","158351","58.4","47.5",NA,NA
2022-08-03,"CO","11341872","196951","71.2","54.8",NA,NA
2022-08-03,"MO","9369450","152661","57","44.5",NA,NA
2022-08-03,"MH","80518","103572","40.4","37.6",NA,NA
2022-08-03,"AL","6509742","132766","51.9","37.6",NA,NA
2022-08-03,"VA2","7709452","0","0","40.2",NA,NA
2022-08-03,"ME","3023515","224928","80.9","58",NA,NA
2022-08-03,"CT","7979336","223806","80.5","53.3",NA,NA
2022-08-03,"GA","15496475","145953","55.7","40.2",NA,NA
2022-08-03,"WY","772940","133551","51.7","45",NA,NA
2022-08-03,"MI","16476735","164984","60.8","55.7",NA,NA
2022-08-03,"NH","2697251","198369","72","48.1",NA,NA
2022-08-03,"DE","1911044","196253","70.5","48",NA,NA
2022-08-03,"NJ","17969587","202310","76.8","49.6",NA,NA
2022-08-03,"PR","7430181","232652","83.8","60.2",NA,NA
2022-08-03,"TX","47753595","164691","61.4","37.1",NA,NA
2022-08-03,"OR","8211432","194688","70.5","55.8",NA,NA
2022-08-03,"NC","17507850","166931","63.1","28.4",NA,NA
2022-08-03,"PW","49270","228822","85","65.5",NA,NA
2022-08-03,"NY","40801475","209738","78.2","47",NA,NA
2022-08-03,"OK","6147940","155370","58.3","39.2",NA,NA
2022-08-03,"DD2","8498353","0","0","24.9",NA,NA
2022-08-03,"NM","4154441","198130","72.4","52",NA,NA
2022-08-03,"LA","6490846","139624","54.1","41.4",NA,NA
2022-08-03,"ID","2566632","143623","54.9","45.5",NA,NA
2022-08-03,"KS","4759954","163386","63","46",NA,NA
2022-08-03,"FM","152171","148721","60.9","39.7",NA,NA
2022-08-03,"NV","5100859","165604","61.7","40.6",NA,NA
2022-08-03,"MN","10943083","194039","70","59.8",NA,NA
2022-08-03,"WI","10824589","185912","66.4","58.1",NA,NA
2022-08-03,"NE","3361937","173797","64.4","52.9",NA,NA
2022-07-27,"OH","18608282","159193","59","54.1",NA,NA
2022-07-27,"MS","4008696","134694","52.6","39.3",NA,NA
2022-07-27,"AK","1189864","162651","63","46.5",NA,NA
2022-07-27,"ME","3015768","224352","80.9","57.9",NA,NA
2022-07-27,"RI","2325807","219548","84.2","55.7",NA,NA
2022-07-27,"AL","6488750","132337","51.9","37.4",NA,NA
2022-07-27,"TX","48879390","168574","62.6","40.6",NA,NA
2022-07-27,"AZ","12777222","175542","62.7","44.5",NA,NA
2022-07-27,"MA","15599614","226327","80.4","53.2",NA,NA
2022-07-27,"KY","6773854","151619","58.1","45.9",NA,NA
2022-07-27,"AR","4396290","145678","55.3","41.4",NA,NA
2022-07-27,"WV","2828445","157824","58.3","47.2",NA,NA
2022-07-27,"WY","770927","133203","51.6","44.9",NA,NA
2022-07-27,"NV","5085572","165108","61.7","40.5",NA,NA
2022-07-27,"IN","10192744","151402","56.6","48.3",NA,NA
2022-07-27,"VA2","7691688","0","0","40.2",NA,NA
2022-07-27,"BP2","328217","0","0","37.2",NA,NA
2022-07-27,"SC","7834417","152163","57.9","42.1",NA,NA
2022-07-27,"NH","2687052","197619","71.9","47.9",NA,NA
2022-07-27,"IL","23566250","185974","69.3","54.1",NA,NA
2022-07-27,"AS","112529","237443","88.8","56.9",NA,NA
2022-07-27,"DD2","8455104","0","0","24.7",NA,NA
2022-07-27,"PA","24179583","188874","70","44.2",NA,NA
2022-07-27,"NE","3348454","173100","64.4","52.7",NA,NA
2022-07-27,"CT","7958343","223217","80.4","53.3",NA,NA
2022-07-27,"WI","10787277","185271","66.3","57.9",NA,NA
2022-07-27,"CO","11298152","196192","71.1","54.7",NA,NA
2022-07-27,"SD","1487132","168102","63.1","43.6",NA,NA
2022-07-27,"FM","146799","143470","60","37.2",NA,NA
2022-07-27,"MD","12765626","211153","76.8","53.9",NA,NA
2022-07-27,"VA","17195731","201461","74.2","50.6",NA,NA
2022-07-27,"GU","370056","219632","83.6","50.4",NA,NA
2022-07-27,"LA","6472888","139238","54.1","41.3",NA,NA
2022-07-27,"WA","15213278","199783","73.3","55.2",NA,NA
2022-07-27,"US","603693871","181831","67.2","48.3","21078117",NA
2022-07-27,"HI","3122599","220542","79.4","56.8",NA,NA
2022-07-27,"KS","4739858","162696","62.9","45.8",NA,NA
2022-07-27,"PW","49199","228492","85","65.5",NA,NA
2022-07-27,"MH","80518","103572","40.4","37.6",NA,NA
2022-07-27,"GA","15464708","145654","55.6","40.1",NA,NA
